{"cameraMode":{"drawMode":0,"name":"Shaded","section":"Shading Mode"},"sceneLighting":true,"audioPlay":false,"sceneViewState":{"m_AlwaysRefresh":false,"showFog":true,"showSkybox":true,"showFlares":true,"showImageEffects":true,"showParticleSystems":true,"showVisualEffectGraphs":true,"m_FxEnabled":true},"in2DMode":false,"pivot":{"x":14.966940879821778,"y":-8.182046890258789,"z":33.534603118896487},"rotation":{"x":-0.09106895327568054,"y":-0.4966314435005188,"z":0.05249416455626488,"w":-0.8615748286247253},"size":12.713094711303711,"orthographic":false}